largest,largest+,smallest,UWA,VWA,VWANLrg,concat
0.6581196581196581,0.6222222222222222,0.6273504273504273,0.6871794871794872,0.6444444444444445,0.6581196581196581,0.6581196581196581
