largest,largest+,smallest,UWA,VWA,VWANLrg,cosine,concat
0.7829787234042553,0.7914893617021277,0.7148936170212766,0.6893617021276596,0.8212765957446808,0.7678571428571429,0.6428571428571429,1.0
