largest,largest+,smallest,UWA,VWA,VWANLrg,cosine,concat
0.6808510638297872,0.6085106382978723,0.7021276595744681,0.6893617021276596,0.8212765957446808,0.7319148936170212,0.5,0.6893617021276596
