largest,largest+,smallest,UWA,VWA,VWANLrg,cosine,concat
0.8214285714285714,0.8035714285714286,0.8571428571428571,0.8392857142857143,0.9821428571428571,0.7678571428571429,0.5714285714285714,0.8214285714285714
