largest,largest+,smallest,UWA,VWA,VWANLrg,cosine,concat
0.7213675213675214,0.67008547008547,0.7094017094017094,0.6871794871794872,0.6444444444444445,0.7678571428571429,0.6428571428571429,1.0
