largest,largest+,smallest,primary,UWA,VWA,VWANLrg,concat
0.5933265440603845,0.5953753070149165,0.5446594380878212,0.6106560745103411,0.6321332294973941,0.5997843407416282,0.5933265440603845,0.5933265440603845
