largest,largest+,smallest,primary,UWA,VWA,VWANLrg,cosine,concat
0.5642716904546557,0.5571242637488695,0.5974719287022127,0.5953373627729123,0.6135315788312634,0.6226644018442126,0.596267875828392,0.511989884897105,0.5889722125334264
