largest,largest+,smallest,primary,UWA,VWA,VWANLrg,cosine,concat
0.5886234158818742,0.5821125450529008,0.5306069061737008,0.589604549662743,0.6271363794907568,0.5855133124055343,0.596267875828392,0.5469131496337635,0.6170212765957447
