largest,largest+,smallest,primary,UWA,VWA,VWANLrg,cosine,concat
0.6043987558183141,0.5865522490128169,0.5513224945401601,0.5953373627729123,0.6135315788312634,0.6226644018442126,0.615186075753899,0.5,0.5763384880104123
