largest,largest+,smallest,primary,UWA,VWA,VWANLrg,cosine,concat
0.5868794326241135,0.6009911638181606,0.6402453203115916,0.589604549662743,0.6271363794907568,0.5855133124055343,0.596267875828392,0.511989884897105,0.5889722125334264
