largest,largest+,smallest,primary,UWA,VWA,VWANLrg,cosine,concat
0.5620080273168394,0.5666806445815611,0.6092374049002576,0.6106560745103411,0.6321332294973941,0.5997843407416282,0.596267875828392,0.511989884897105,0.5889722125334264
