largest,largest+,smallest,lung,UWA,VWA,VWANLrg,cosine,concat
0.6331857375903053,0.6192029829876485,0.6245630389186669,0.659400544959128,0.6052202283849919,0.6567233745047775,0.7014492753623188,0.5739130434782609,0.672463768115942
