largest,largest+,smallest,lung,UWA,VWA,VWANLrg,cosine,concat
0.605868358445678,0.6011102299762093,0.6685170499603489,0.6269296740994854,0.5943695479777954,0.6447264076130056,0.7014492753623188,0.5739130434782609,0.672463768115942
