largest,largest+,smallest,lung,UWA,VWA,VWANLrg,cosine,concat
0.6274509803921569,0.6715686274509803,0.7475490196078431,0.5719298245614035,0.6740196078431373,0.6740196078431373,0.5882352941176471,0.5465686274509803,0.5980392156862745
