largest,largest+,smallest,lung,UWA,VWA,VWANLrg,concat
0.6190282577759707,0.6745273429558853,0.5869079081114048,0.6270903010033445,0.6478959138036187,0.6820491969912584,0.6190282577759707,0.6190282577759707
