largest,largest+,smallest,lung,UWA,VWA,VWANLrg,cosine,concat
0.6327519379844961,0.6773255813953488,0.6233850129198967,0.6017804154302671,0.6711886304909561,0.6463178294573644,0.6253229974160207,0.5,0.6136950904392765
