largest,largest+,smallest,lung,UWA,VWA,VWANLrg,cosine,concat
0.7681159420289855,0.7304347826086957,0.744927536231884,0.6785714285714286,0.7217391304347827,0.6782608695652174,0.7014492753623188,0.5739130434782609,0.672463768115942
